<?xml version="1.0" encoding="UTF-8" standalone="yes"?>
<MessagePool xmlns="http://wwww.ibm.com/iib/test/1.0.0">
    <SOAPInputMessage WSDL_URI="platform:/resource/LOVInq/LOVInq.wsdl" WSDL_OPERATION_OUT_NAME="getLOVListResponse" WSDL_OPERATION_NAME="getLOVList" WSDL_OPERATION_IN_NAME="getLOVListRequest" timestamp="1516788097386" nodeId="FCMComposite_1_1" name="new message 2" id="1516788097386-407">
        <plainText>%3C%3Fxml+version%3D%221.0%22+encoding%3D%22UTF-8%22%3F%3E%3Ctns0%3AEnvelope+xmlns%3Atns0%3D%22http%3A%2F%2Fschemas.xmlsoap.org%2Fsoap%2Fenvelope%2F%22+xmlns%3Atns1%3D%22http%3A%2F%2FLOVInq%22+xmlns%3Axsi%3D%22http%3A%2F%2Fwww.w3.org%2F2001%2FXMLSchema-instance%22%3E%0D%0A++%3Ctns0%3AHeader%2F%3E%0D%0A++%3Ctns0%3ABody%3E%0D%0A++++%3Ctns1%3AgetLOVList%3E%0D%0A++++++%3CLOVMsgRq%3E%0D%0A++++++++%3Ctns1%3ALOVType%3ELOVType%3C%2Ftns1%3ALOVType%3E%0D%0A++++++++%3Ctns1%3ALOVCondition%3E%0D%0A++++++++++%3Ctns1%3ALOVCondition1%3ELOVCondition1%3C%2Ftns1%3ALOVCondition1%3E%0D%0A++++++++++%3Ctns1%3ALOVCondition2%3ELOVCondition2%3C%2Ftns1%3ALOVCondition2%3E%0D%0A++++++++++%3Ctns1%3ALOVCondition3%3ELOVCondition3%3C%2Ftns1%3ALOVCondition3%3E%0D%0A++++++++++%3Ctns1%3ALOVCondition4%3ELOVCondition4%3C%2Ftns1%3ALOVCondition4%3E%0D%0A++++++++%3C%2Ftns1%3ALOVCondition%3E%0D%0A++++++++%3Ctns1%3ALOVCode%3ELOVCode%3C%2Ftns1%3ALOVCode%3E%0D%0A++++++%3C%2FLOVMsgRq%3E%0D%0A++++%3C%2Ftns1%3AgetLOVList%3E%0D%0A++%3C%2Ftns0%3ABody%3E%0D%0A%3C%2Ftns0%3AEnvelope%3E</plainText>
    </SOAPInputMessage>
    <SOAPInputMessage WSDL_URI="platform:/resource/LOVInq/LOVInq.wsdl" WSDL_OPERATION_OUT_NAME="getLovListResponse" WSDL_OPERATION_NAME="getLovList" WSDL_OPERATION_IN_NAME="getLovListRequest" timestamp="1516787254354" nodeId="FCMComposite_1_1" name="new message 1" id="1516787254354-107">
        <plainText>%3C%3Fxml+version%3D%221.0%22+encoding%3D%22UTF-8%22%3F%3E%3Ctns0%3AEnvelope+xmlns%3Atns0%3D%22http%3A%2F%2Fschemas.xmlsoap.org%2Fsoap%2Fenvelope%2F%22+xmlns%3Atns1%3D%22http%3A%2F%2Fwww.sama.bea.sa%2Fpublic%2FLOVInq%22+xmlns%3Axsi%3D%22http%3A%2F%2Fwww.w3.org%2F2001%2FXMLSchema-instance%22%3E%0D%0A++%3Ctns0%3AHeader%2F%3E%0D%0A++%3Ctns0%3ABody%3E%0D%0A++++%3Ctns1%3AgetLovList%3E%0D%0A++++++%3CLOVMsgRq%3E%0D%0A++++++++%3Ctns1%3ALOVType%3E2%3C%2Ftns1%3ALOVType%3E%0D%0A++++++++%3Ctns1%3ALOVCode%3E%3C%2Ftns1%3ALOVCode%3E%0D%0A++++++++%3Ctns1%3ALOVCondition%3E%0D%0A++++++++++%3Ctns1%3ALOVCondition1%3E%3C%2Ftns1%3ALOVCondition1%3E%0D%0A++++++++++%3Ctns1%3ALOVCondition2%3E%3C%2Ftns1%3ALOVCondition2%3E%0D%0A++++++++++%3Ctns1%3ALOVCondition3%3E%3C%2Ftns1%3ALOVCondition3%3E%0D%0A++++++++++%3Ctns1%3ALOVCondition4%3E%3C%2Ftns1%3ALOVCondition4%3E%0D%0A++++++++%3C%2Ftns1%3ALOVCondition%3E%0D%0A++++++%3C%2FLOVMsgRq%3E%0D%0A++++%3C%2Ftns1%3AgetLovList%3E%0D%0A++%3C%2Ftns0%3ABody%3E%0D%0A%3C%2Ftns0%3AEnvelope%3E</plainText>
    </SOAPInputMessage>
    <SOAPInputMessage WSDL_URI="platform:/resource/LOVInq/LOVInq.wsdl" WSDL_OPERATION_OUT_NAME="getLovListResponse" WSDL_OPERATION_NAME="getLovList" WSDL_OPERATION_IN_NAME="getLovListRequest" timestamp="1517067587583" nodeId="FCMComposite_1_1" name="new message 3" id="1517067587583-1782">
        <plainText>%3C%3Fxml+version%3D%221.0%22+encoding%3D%22UTF-8%22%3F%3E%3Ctns0%3AEnvelope+xmlns%3Atns0%3D%22http%3A%2F%2Fschemas.xmlsoap.org%2Fsoap%2Fenvelope%2F%22+xmlns%3Atns1%3D%22http%3A%2F%2Fwww.sama.bea.sa%2Fpublic%2FLOVInq%22+xmlns%3Axsi%3D%22http%3A%2F%2Fwww.w3.org%2F2001%2FXMLSchema-instance%22%3E%0D%0A++%3Ctns0%3AHeader%2F%3E%0D%0A++%3Ctns0%3ABody%3E%0D%0A++++%3Ctns1%3AgetLovList%3E%0D%0A++++++%3CLOVMsgRq%3E%0D%0A++++++++%3Ctns1%3ALOVType%3E1%3C%2Ftns1%3ALOVType%3E%0D%0A++++++++%3Ctns1%3ALOVCode%3E%3C%2Ftns1%3ALOVCode%3E%0D%0A++++++++%3Ctns1%3ALOVCondition%3E%0D%0A++++++++%3C%2Ftns1%3ALOVCondition%3E%0D%0A++++++%3C%2FLOVMsgRq%3E%0D%0A++++%3C%2Ftns1%3AgetLovList%3E%0D%0A++%3C%2Ftns0%3ABody%3E%0D%0A%3C%2Ftns0%3AEnvelope%3E</plainText>
    </SOAPInputMessage>
</MessagePool>
