<?xml version="1.0" encoding="UTF-8"?>
<p:AssignTaskRq xmlns:p="http://www.sama.gov.sa/fiportal/AssignTask.xsd" xmlns:xsi="http://www.w3.org/2001/XMLSchema-instance" xsi:schemaLocation="http://www.sama.gov.sa/fiportal/AssignTask.xsd AssignTask.xsd ">
  <p:AssignTaskInput>
    <p:task_id>0</p:task_id>
    <p:assigned_to_user_id>p:assigned_to_user_id</p:assigned_to_user_id>
    <p:assigned_by_user_id>p:assigned_by_user_id</p:assigned_by_user_id>
    <p:assigned_by_role_id>p:assigned_by_role_id</p:assigned_by_role_id>
    <p:status_id>0</p:status_id>
    <p:sub_status_id>0</p:sub_status_id>
    <p:is_assign_action>true</p:is_assign_action>
  </p:AssignTaskInput>
</p:AssignTaskRq>
